{
    "last_training_time": "2025-04-21 15:17:15",
    "epochs": 33,
    "final_loss": 0.007770567201077938,
    "final_mae": 0.05106818675994873,
    "model_save_path": "model_weights/resource_lstm.h5",
    "prophet_model": true,
    "final_val_loss": 0.01213200856000185,
    "final_val_mae": 0.0694662481546402
}